check_id,requirement_id,source_page,source_url,source_paraphrase,check,procedure_proposed,expected_proposed,status,system_version,observed_at,evidence_file,evidence_sha256,actual_observation,coverage_limit
RF.1.03-1,RF.1.03,2,https://www.sefaz.ms.gov.br/wp-content/uploads/2023/05/Convocacao-e-Roteiro-da-POC.pdf,"Filtros parametrizáveis para consultar, visualizar e agir sobre registros.",Filtro alterável,Configurar um filtro acordado e alterar um parâmetro; conferir seleção antes/depois.,Seleções correspondem aos conjuntos esperados definidos pelo comprador.,NOT_EXECUTED,NOT_PROVIDED,,,,,Critério autoral a acordar; não é validação oficial nem cobertura integral.
RF.1.03-2,RF.1.03,2,https://www.sefaz.ms.gov.br/wp-content/uploads/2023/05/Convocacao-e-Roteiro-da-POC.pdf,"Filtros parametrizáveis para consultar, visualizar e agir sobre registros.",Consulta/visualização,Abrir consulta e visualização do mesmo conjunto filtrado.,Nenhum registro fora do conjunto esperado; diferenças documentadas.,NOT_EXECUTED,NOT_PROVIDED,,,,,Critério autoral a acordar; não é validação oficial nem cobertura integral.
RF.1.03-3,RF.1.03,2,https://www.sefaz.ms.gov.br/wp-content/uploads/2023/05/Convocacao-e-Roteiro-da-POC.pdf,"Filtros parametrizáveis para consultar, visualizar e agir sobre registros.",Ação restrita ao conjunto,Aplicar ação inofensiva autorizada a subconjunto e conferir registros afetados.,Apenas subconjunto previsto é afetado; nenhum envio externo.,NOT_EXECUTED,NOT_PROVIDED,,,,,Critério autoral a acordar; não é validação oficial nem cobertura integral.
RF.6.01-1,RF.6.01,3,https://www.sefaz.ms.gov.br/wp-content/uploads/2023/05/Convocacao-e-Roteiro-da-POC.pdf,"Gerenciamento dos contatos: adicionar, remover, editar e ordenar.",Adicionar,Adicionar um contato fictício permitido e recarregar a tela.,Novo registro persiste e campos conferem.,NOT_EXECUTED,NOT_PROVIDED,,,,,Critério autoral a acordar; não é validação oficial nem cobertura integral.
RF.6.01-2,RF.6.01,3,https://www.sefaz.ms.gov.br/wp-content/uploads/2023/05/Convocacao-e-Roteiro-da-POC.pdf,"Gerenciamento dos contatos: adicionar, remover, editar e ordenar.",Editar,Alterar campo permitido do contato fictício e recarregar.,Novo valor persiste e registro correto foi alterado.,NOT_EXECUTED,NOT_PROVIDED,,,,,Critério autoral a acordar; não é validação oficial nem cobertura integral.
RF.6.01-3,RF.6.01,3,https://www.sefaz.ms.gov.br/wp-content/uploads/2023/05/Convocacao-e-Roteiro-da-POC.pdf,"Gerenciamento dos contatos: adicionar, remover, editar e ordenar.",Remover,Remover contato fictício descartável e consultar novamente.,Registro é removido conforme regra acordada; nenhum registro real atingido.,NOT_EXECUTED,NOT_PROVIDED,,,,,Critério autoral a acordar; não é validação oficial nem cobertura integral.
RF.6.01-4,RF.6.01,3,https://www.sefaz.ms.gov.br/wp-content/uploads/2023/05/Convocacao-e-Roteiro-da-POC.pdf,"Gerenciamento dos contatos: adicionar, remover, editar e ordenar.",Reordenar,Alterar ordem de contatos fictícios e recarregar.,"Ordem acordada permanece, sem perda de registros.",NOT_EXECUTED,NOT_PROVIDED,,,,,Critério autoral a acordar; não é validação oficial nem cobertura integral.
RF.8.01-1,RF.8.01,3,https://www.sefaz.ms.gov.br/wp-content/uploads/2023/05/Convocacao-e-Roteiro-da-POC.pdf,Permissões por usuário/perfil e condições de operação.,Configuração por usuário,Configurar regra para usuário de teste e tentar operação de staging acordada.,Comportamento corresponde à regra; consequência permitida e negada observáveis.,NOT_EXECUTED,NOT_PROVIDED,,,,,Critério autoral a acordar; não é validação oficial nem cobertura integral.
RF.8.01-2,RF.8.01,3,https://www.sefaz.ms.gov.br/wp-content/uploads/2023/05/Convocacao-e-Roteiro-da-POC.pdf,Permissões por usuário/perfil e condições de operação.,Configuração por perfil,Configurar regra para perfil de teste e repetir no usuário membro.,Comportamento corresponde à regra de perfil e precedência acordada.,NOT_EXECUTED,NOT_PROVIDED,,,,,Critério autoral a acordar; não é validação oficial nem cobertura integral.
RF.8.01-3,RF.8.01,3,https://www.sefaz.ms.gov.br/wp-content/uploads/2023/05/Convocacao-e-Roteiro-da-POC.pdf,Permissões por usuário/perfil e condições de operação.,Régua,Variar somente a condição de régua e repetir operação.,Autorização muda ou permanece conforme rubrica acordada.,NOT_EXECUTED,NOT_PROVIDED,,,,,Critério autoral a acordar; não é validação oficial nem cobertura integral.
RF.8.01-4,RF.8.01,3,https://www.sefaz.ms.gov.br/wp-content/uploads/2023/05/Convocacao-e-Roteiro-da-POC.pdf,Permissões por usuário/perfil e condições de operação.,Saldo,Variar somente condição de saldo e repetir operação.,Autorização corresponde à condição de saldo acordada.,NOT_EXECUTED,NOT_PROVIDED,,,,,Critério autoral a acordar; não é validação oficial nem cobertura integral.
RF.8.01-5,RF.8.01,3,https://www.sefaz.ms.gov.br/wp-content/uploads/2023/05/Convocacao-e-Roteiro-da-POC.pdf,Permissões por usuário/perfil e condições de operação.,Tributo,Variar somente condição de tributo e repetir operação.,Autorização corresponde à condição de tributo acordada.,NOT_EXECUTED,NOT_PROVIDED,,,,,Critério autoral a acordar; não é validação oficial nem cobertura integral.
RF.8.01-6,RF.8.01,3,https://www.sefaz.ms.gov.br/wp-content/uploads/2023/05/Convocacao-e-Roteiro-da-POC.pdf,Permissões por usuário/perfil e condições de operação.,Idade do crédito,Variar somente condição de idade e repetir operação.,Autorização corresponde à condição temporal acordada.,NOT_EXECUTED,NOT_PROVIDED,,,,,Critério autoral a acordar; não é validação oficial nem cobertura integral.
RF.8.01-7,RF.8.01,3,https://www.sefaz.ms.gov.br/wp-content/uploads/2023/05/Convocacao-e-Roteiro-da-POC.pdf,Permissões por usuário/perfil e condições de operação.,Composição de regras,Combinar condições escolhidas e verificar precedência permitida/negada.,Composição corresponde à rubrica; estas combinações limitadas não cobrem todas as possíveis.,NOT_EXECUTED,NOT_PROVIDED,,,,,Critério autoral a acordar; não é validação oficial nem cobertura integral.
